Pig,Evit,Cu,Litter,Start,Weight,Feed,Time
4601,Evit000,Cu000,1,26.5,26.5,,1
4601,Evit000,Cu000,1,26.5,27.59999,5.200005,2
4601,Evit000,Cu000,1,26.5,36.5,17.6,3
4601,Evit000,Cu000,1,26.5,40.29999,28.5,4
4601,Evit000,Cu000,1,26.5,49.09998,45.200001,5
4601,Evit000,Cu000,1,26.5,55.39999,56.900002,6
4601,Evit000,Cu000,1,26.5,59.59998,71.700005,7
4601,Evit000,Cu000,1,26.5,67.0,86.800001,8
4601,Evit000,Cu000,1,26.5,76.59998,104.900002,9
4601,Evit000,Cu000,1,26.5,86.5,123.0,10
4601,Evit000,Cu000,1,26.5,91.59998,140.900002,11
4601,Evit000,Cu000,1,26.5,98.59998,160.0,12
4602,Evit000,Cu035,1,28.29999,28.29999,,1
4602,Evit000,Cu035,1,28.29999,30.09999,3.300003,2
4602,Evit000,Cu035,1,28.29999,38.29999,13.200001,3
4602,Evit000,Cu035,1,28.29999,44.5,26.1,4
4602,Evit000,Cu035,1,28.29999,51.59998,43.600002,5
4602,Evit000,Cu035,1,28.29999,57.59998,55.200001,6
4602,Evit000,Cu035,1,28.29999,65.0,72.800003,7
4602,Evit000,Cu035,1,28.29999,73.0,90.800003,8
4602,Evit000,Cu035,1,28.29999,82.29999,112.200001,9
4602,Evit000,Cu035,1,28.29999,91.0,132.900002,10
4602,Evit000,Cu035,1,28.29999,99.69995,156.1,11
4602,Evit000,Cu035,1,28.29999,106.69995,180.0,12
4603,Evit200,Cu175,1,27.59999,27.59999,,1
4603,Evit200,Cu175,1,27.59999,30.59999,6.700005,2
4603,Evit200,Cu175,1,27.59999,38.69998,17.6,3
4603,Evit200,Cu175,1,27.59999,47.19998,32.800003,4
4603,Evit200,Cu175,1,27.59999,54.09998,50.0,5
4603,Evit200,Cu175,1,27.59999,61.5,64.600002,6
4603,Evit200,Cu175,1,27.59999,68.5,80.5,7
4603,Evit200,Cu175,1,27.59999,75.19995,91.800003,8
4603,Evit200,Cu175,1,27.59999,81.69995,110.200005,9
4603,Evit200,Cu175,1,27.59999,90.19995,125.600002,10
4603,Evit200,Cu175,1,27.59999,98.39996,145.0,11
4603,Evit200,Cu175,1,27.59999,105.39996,166.0,12
4605,Evit100,Cu035,1,31.5,31.5,,1
4605,Evit100,Cu035,1,31.5,34.79999,6.5,2
4605,Evit100,Cu035,1,31.5,40.69998,20.0,3
4605,Evit100,Cu035,1,31.5,47.69998,33.100002,4
4605,Evit100,Cu035,1,31.5,55.89999,51.800003,5
4605,Evit100,Cu035,1,31.5,62.19998,65.800003,6
4605,Evit100,Cu035,1,31.5,70.69995,81.700005,7
4605,Evit100,Cu035,1,31.5,78.0,97.0,8
4605,Evit100,Cu035,1,31.5,86.19995,115.300003,9
4605,Evit100,Cu035,1,31.5,94.69995,133.100002,10
4605,Evit100,Cu035,1,31.5,102.0,151.0,11
4605,Evit100,Cu035,1,31.5,109.19995,176.400002,12
4641,Evit100,Cu175,2,27.09999,27.09999,,1
4641,Evit100,Cu175,2,27.09999,33.0,5.200001,2
4641,Evit100,Cu175,2,27.09999,42.5,22.5,3
4641,Evit100,Cu175,2,27.09999,50.09998,38.5,4
4641,Evit100,Cu175,2,27.09999,56.5,53.300003,5
4641,Evit100,Cu175,2,27.09999,63.0,69.8,6
4641,Evit100,Cu175,2,27.09999,72.5,85.100002,7
4641,Evit100,Cu175,2,27.09999,80.5,101.100006,8
4641,Evit100,Cu175,2,27.09999,92.0,121.400002,9
4641,Evit100,Cu175,2,27.09999,100.0,142.200001,10
4641,Evit100,Cu175,2,27.09999,108.39996,157.0,11
4641,Evit100,Cu175,2,27.09999,117.0,180.0,12
4643,Evit000,Cu000,2,27.0,27.0,,1
4643,Evit000,Cu000,2,27.0,31.79999,6.400002,2
4643,Evit000,Cu000,2,27.0,39.0,21.5,3
4643,Evit000,Cu000,2,27.0,44.79999,33.900002,4
4643,Evit000,Cu000,2,27.0,50.89999,44.900002,5
4643,Evit000,Cu000,2,27.0,57.39999,58.8,6
4643,Evit000,Cu000,2,27.0,62.5,73.700001,7
4643,Evit000,Cu000,2,27.0,71.69995,92.800003,8
4643,Evit000,Cu000,2,27.0,78.19995,111.5,9
4643,Evit000,Cu000,2,27.0,85.79999,132.800003,10
4643,Evit000,Cu000,2,27.0,91.79999,148.400001,11
4643,Evit000,Cu000,2,27.0,100.19995,170.0,12
4645,Evit200,Cu035,2,27.7,27.7,,1
4645,Evit200,Cu035,2,27.7,33.59998,10.0,2
4645,Evit200,Cu035,2,27.7,44.0,28.5,3
4645,Evit200,Cu035,2,27.7,46.69998,40.0,4
4645,Evit200,Cu035,2,27.7,54.79999,55.200001,5
4645,Evit200,Cu035,2,27.7,61.0,69.0,6
4645,Evit200,Cu035,2,27.7,69.79999,88.0,7
4645,Evit200,Cu035,2,27.7,76.0,104.400002,8
4645,Evit200,Cu035,2,27.7,83.59998,121.800003,9
4645,Evit200,Cu035,2,27.7,88.19995,140.0,10
4645,Evit200,Cu035,2,27.7,96.79999,157.200001,11
4645,Evit200,Cu035,2,27.7,102.29999,180.0,12
4756,Evit200,Cu000,3,17.0,17.0,,1
4756,Evit200,Cu000,3,17.0,19.0,9.900002,2
4756,Evit200,Cu000,3,17.0,23.59999,18.5,3
4756,Evit200,Cu000,3,17.0,30.0,28.900002,4
4756,Evit200,Cu000,3,17.0,36.29999,38.100002,5
4756,Evit200,Cu000,3,17.0,42.39999,52.799999,6
4756,Evit200,Cu000,3,17.0,50.5,66.799999,7
4756,Evit200,Cu000,3,17.0,57.59998,86.0,8
4756,Evit200,Cu000,3,17.0,66.59998,106.0,9
4756,Evit200,Cu000,3,17.0,74.19995,123.0,10
4756,Evit200,Cu000,3,17.0,83.0,141.900002,11
4756,Evit200,Cu000,3,17.0,89.29999,163.700001,12
4757,Evit000,Cu000,3,26.89999,26.89999,,1
4757,Evit000,Cu000,3,26.89999,32.29999,9.900002,2
4757,Evit000,Cu000,3,26.89999,38.59998,20.200005,3
4757,Evit000,Cu000,3,26.89999,46.0,30.0,4
4757,Evit000,Cu000,3,26.89999,57.79999,40.0,5
4757,Evit000,Cu000,3,26.89999,58.59998,62.800003,6
4757,Evit000,Cu000,3,26.89999,65.89996,78.300003,7
4757,Evit000,Cu000,3,26.89999,71.19995,97.900002,8
4757,Evit000,Cu000,3,26.89999,79.39996,115.800003,9
4757,Evit000,Cu000,3,26.89999,81.0,129.0,10
4757,Evit000,Cu000,3,26.89999,91.69995,150.0,11
4757,Evit000,Cu000,3,26.89999,91.0,156.800003,12
4759,Evit200,Cu035,3,22.59999,22.59999,,1
4759,Evit200,Cu035,3,22.59999,28.5,10.600006,2
4759,Evit200,Cu035,3,22.59999,32.69998,21.100006,3
4759,Evit200,Cu035,3,22.59999,39.89999,33.300003,4
4759,Evit200,Cu035,3,22.59999,47.59998,47.1,5
4759,Evit200,Cu035,3,22.59999,53.79999,63.400002,6
4759,Evit200,Cu035,3,22.59999,63.0,80.800003,7
4759,Evit200,Cu035,3,22.59999,67.19995,98.100002,8
4759,Evit200,Cu035,3,22.59999,74.09998,111.900002,9
4759,Evit200,Cu035,3,22.59999,80.0,128.900002,10
4759,Evit200,Cu035,3,22.59999,89.39996,152.100002,11
4759,Evit200,Cu035,3,22.59999,93.5,171.700005,12
4760,Evit000,Cu175,3,15.0,15.0,,1
4760,Evit000,Cu175,3,15.0,19.39999,7.900002,2
4760,Evit000,Cu175,3,15.0,21.39999,15.0,3
4760,Evit000,Cu175,3,15.0,25.29999,22.100002,4
4760,Evit000,Cu175,3,15.0,31.89999,29.900002,5
4760,Evit000,Cu175,3,15.0,37.59998,41.800003,6
4760,Evit000,Cu175,3,15.0,43.69998,57.600006,7
4760,Evit000,Cu175,3,15.0,48.89999,69.5,8
4760,Evit000,Cu175,3,15.0,53.69998,83.800003,9
4760,Evit000,Cu175,3,15.0,59.29999,93.200001,10
4760,Evit000,Cu175,3,15.0,64.89996,107.900002,11
4760,Evit000,Cu175,3,15.0,65.79999,117.300003,12
4813,Evit000,Cu035,4,27.29999,27.29999,,1
4813,Evit000,Cu035,4,27.29999,32.39999,10.300003,2
4813,Evit000,Cu035,4,27.29999,38.29999,22.800003,3
4813,Evit000,Cu035,4,27.29999,45.79999,40.200005,4
4813,Evit000,Cu035,4,27.29999,53.79999,53.700005,5
4813,Evit000,Cu035,4,27.29999,60.0,72.700005,6
4813,Evit000,Cu035,4,27.29999,68.69995,92.900005,7
4813,Evit000,Cu035,4,27.29999,75.79999,114.700005,8
4813,Evit000,Cu035,4,27.29999,80.79999,132.800003,9
4813,Evit000,Cu035,4,27.29999,86.79999,138.100006,10
4813,Evit000,Cu035,4,27.29999,91.39996,159.900005,11
4813,Evit000,Cu035,4,27.29999,99.79999,182.100006,12
4814,Evit100,Cu035,4,26.2,26.2,,1
4814,Evit100,Cu035,4,26.2,31.09999,9.900002,2
4814,Evit100,Cu035,4,26.2,34.59998,19.600006,3
4814,Evit100,Cu035,4,26.2,41.19998,30.0,4
4814,Evit100,Cu035,4,26.2,49.19998,37.400002,5
4814,Evit100,Cu035,4,26.2,55.59998,57.200005,6
4814,Evit100,Cu035,4,26.2,62.59998,76.200005,7
4814,Evit100,Cu035,4,26.2,72.09998,93.000004,8
4814,Evit100,Cu035,4,26.2,77.5,109.800003,9
4814,Evit100,Cu035,4,26.2,83.79999,127.400002,10
4814,Evit100,Cu035,4,26.2,93.39996,148.900002,11
4814,Evit100,Cu035,4,26.2,98.39996,174.400002,12
4815,Evit100,Cu175,4,24.89999,24.89999,,1
4815,Evit100,Cu175,4,24.89999,29.7,9.5,2
4815,Evit100,Cu175,4,24.89999,33.79999,19.0,3
4815,Evit100,Cu175,4,24.89999,38.79999,32.0,4
4815,Evit100,Cu175,4,24.89999,48.29999,45.5,5
4815,Evit100,Cu175,4,24.89999,52.89999,59.100006,6
4815,Evit100,Cu175,4,24.89999,65.0,80.100006,7
4815,Evit100,Cu175,4,24.89999,70.39996,104.600002,8
4815,Evit100,Cu175,4,24.89999,76.79999,130.0,9
4815,Evit100,Cu175,4,24.89999,83.29999,149.0,10
4815,Evit100,Cu175,4,24.89999,95.0,175.600006,11
4815,Evit100,Cu175,4,24.89999,102.69995,203.500008,12
4817,Evit000,Cu175,4,24.59999,24.59999,,1
4817,Evit000,Cu175,4,24.59999,28.0,9.0,2
4817,Evit000,Cu175,4,24.59999,34.59998,19.900002,3
4817,Evit000,Cu175,4,24.59999,41.5,33.900002,4
4817,Evit000,Cu175,4,24.59999,49.69998,47.000004,5
4817,Evit000,Cu175,4,24.59999,56.5,65.200001,6
4817,Evit000,Cu175,4,24.59999,66.89996,83.300003,7
4817,Evit000,Cu175,4,24.59999,75.79999,106.400002,8
4817,Evit000,Cu175,4,24.59999,84.59998,125.900002,9
4817,Evit000,Cu175,4,24.59999,91.0,144.000004,10
4817,Evit000,Cu175,4,24.59999,98.79999,168.200001,11
4817,Evit000,Cu175,4,24.59999,107.19995,178.200001,12
4854,Evit100,Cu000,6,29.0,29.0,,1
4854,Evit100,Cu000,6,29.0,32.69998,8.200001,2
4854,Evit100,Cu000,6,29.0,38.29999,19.800003,3
4854,Evit100,Cu000,6,29.0,45.5,30.0,4
4854,Evit100,Cu000,6,29.0,48.59998,40.0,5
4854,Evit100,Cu000,6,29.0,56.0,50.0,6
4854,Evit100,Cu000,6,29.0,62.59998,70.0,7
4854,Evit100,Cu000,6,29.0,70.19995,86.200001,8
4854,Evit100,Cu000,6,29.0,73.79999,100.0,9
4854,Evit100,Cu000,6,29.0,80.29999,120.5,10
4854,Evit100,Cu000,6,29.0,85.5,138.5,11
4854,Evit100,Cu000,6,29.0,93.09998,158.0,12
4856,Evit000,Cu000,6,32.0,32.0,,1
4856,Evit000,Cu000,6,32.0,35.19998,8.1,2
4856,Evit000,Cu000,6,32.0,41.5,19.600006,3
4856,Evit000,Cu000,6,32.0,47.69998,27.6,4
4856,Evit000,Cu000,6,32.0,53.79999,41.800003,5
4856,Evit000,Cu000,6,32.0,61.59998,58.600006,6
4856,Evit000,Cu000,6,32.0,70.0,75.200001,7
4856,Evit000,Cu000,6,32.0,79.09998,91.700005,8
4856,Evit000,Cu000,6,32.0,85.69995,109.0,9
4856,Evit000,Cu000,6,32.0,92.5,131.0,10
4856,Evit000,Cu000,6,32.0,101.09998,153.0,11
4856,Evit000,Cu000,6,32.0,109.0,177.6,12
4857,Evit000,Cu175,6,26.0,26.0,,1
4857,Evit000,Cu175,6,26.0,34.5,8.5,2
4857,Evit000,Cu175,6,26.0,40.39999,19.200005,3
4857,Evit000,Cu175,6,26.0,45.0,29.0,4
4857,Evit000,Cu175,6,26.0,53.5,45.0,5
4857,Evit000,Cu175,6,26.0,60.19998,62.300003,6
4857,Evit000,Cu175,6,26.0,68.59998,89.700005,7
4857,Evit000,Cu175,6,26.0,73.39996,101.800003,8
4857,Evit000,Cu175,6,26.0,78.5,112.700003,9
4857,Evit000,Cu175,6,26.0,86.0,135.300007,10
4857,Evit000,Cu175,6,26.0,90.59998,154.100002,11
4857,Evit000,Cu175,6,26.0,97.19995,168.700005,12
4858,Evit100,Cu035,6,28.0,28.0,,1
4858,Evit100,Cu035,6,28.0,31.2,8.0,2
4858,Evit100,Cu035,6,28.0,38.79999,16.700005,3
4858,Evit100,Cu035,6,28.0,44.69998,31.800003,4
4858,Evit100,Cu035,6,28.0,53.59998,50.500004,5
4858,Evit100,Cu035,6,28.0,59.19998,71.100006,6
4858,Evit100,Cu035,6,28.0,67.09998,87.100006,7
4858,Evit100,Cu035,6,28.0,76.39996,107.300003,8
4858,Evit100,Cu035,6,28.0,83.79999,133.200005,9
4858,Evit100,Cu035,6,28.0,71.59998,163.100006,10
4858,Evit100,Cu035,6,28.0,97.39996,190.800003,11
4858,Evit100,Cu035,6,28.0,107.09998,219.800003,12
5389,Evit200,Cu175,7,24.29999,24.29999,,1
5389,Evit200,Cu175,7,24.29999,28.39999,5.400002,2
5389,Evit200,Cu175,7,24.29999,36.0,20.0,3
5389,Evit200,Cu175,7,24.29999,40.29999,30.300003,4
5389,Evit200,Cu175,7,24.29999,46.19998,41.800003,5
5389,Evit200,Cu175,7,24.29999,51.89999,54.800003,6
5389,Evit200,Cu175,7,24.29999,58.09998,69.000002,7
5389,Evit200,Cu175,7,24.29999,62.59998,83.800005,8
5389,Evit200,Cu175,7,24.29999,68.19995,97.200002,9
5389,Evit200,Cu175,7,24.29999,78.39996,114.200003,10
5389,Evit200,Cu175,7,24.29999,87.5,131.100004,11
5389,Evit200,Cu175,7,24.29999,90.39996,147.000002,12
5392,Evit200,Cu035,7,24.59999,24.59999,,1
5392,Evit200,Cu035,7,24.59999,25.79999,7.700001,2
5392,Evit200,Cu035,7,24.59999,28.59999,19.999996,3
5392,Evit200,Cu035,7,24.59999,30.39999,29.999996,4
5392,Evit200,Cu035,7,24.59999,36.09998,39.999996,5
5392,Evit200,Cu035,7,24.59999,36.09998,47.499996,6
5392,Evit200,Cu035,7,24.59999,49.29999,62.499996,7
5392,Evit200,Cu035,7,24.59999,57.89999,76.799999,8
5392,Evit200,Cu035,7,24.59999,63.0,89.499996,9
5392,Evit200,Cu035,7,24.59999,75.69995,104.999996,10
5392,Evit200,Cu035,7,24.59999,81.39996,123.999996,11
5392,Evit200,Cu035,7,24.59999,88.69995,142.799997,12
5497,Evit000,Cu000,8,21.2,21.2,,1
5497,Evit000,Cu000,8,21.2,25.79999,6.300001,2
5497,Evit000,Cu000,8,21.2,29.39999,16.5,3
5497,Evit000,Cu000,8,21.2,36.79999,27.200001,4
5497,Evit000,Cu000,8,21.2,43.19998,40.200005,5
5497,Evit000,Cu000,8,21.2,51.09998,54.800003,6
5497,Evit000,Cu000,8,21.2,59.29999,68.0,7
5497,Evit000,Cu000,8,21.2,66.0,85.200001,8
5497,Evit000,Cu000,8,21.2,72.79999,101.100006,9
5497,Evit000,Cu000,8,21.2,78.59998,119.5,10
5497,Evit000,Cu000,8,21.2,93.79999,144.200001,11
5497,Evit000,Cu000,8,21.2,95.19995,158.5,12
5500,Evit000,Cu035,8,17.0,17.0,,1
5500,Evit000,Cu035,8,17.0,19.0,5.200001,2
5500,Evit000,Cu035,8,17.0,23.0,18.5,3
5500,Evit000,Cu035,8,17.0,29.39999,32.800003,4
5500,Evit000,Cu035,8,17.0,34.59998,43.800003,5
5500,Evit000,Cu035,8,17.0,40.59998,55.800003,6
5500,Evit000,Cu035,8,17.0,46.59998,71.400002,7
5500,Evit000,Cu035,8,17.0,54.0,87.0,8
5500,Evit000,Cu035,8,17.0,62.5,103.800003,9
5500,Evit000,Cu035,8,17.0,70.0,124.800003,10
5500,Evit000,Cu035,8,17.0,78.29999,147.300001,11
5500,Evit000,Cu035,8,17.0,83.19995,160.800003,12
5501,Evit100,Cu175,8,30.0,30.0,,1
5501,Evit100,Cu175,8,30.0,34.69998,10.0,2
5501,Evit100,Cu175,8,30.0,42.79999,22.5,3
5501,Evit100,Cu175,8,30.0,48.39999,35.200001,4
5501,Evit100,Cu175,8,30.0,53.29999,45.800003,5
5501,Evit100,Cu175,8,30.0,60.0,60.0,6
5501,Evit100,Cu175,8,30.0,71.09998,75.200001,7
5501,Evit100,Cu175,8,30.0,77.39996,92.800003,8
5501,Evit100,Cu175,8,30.0,86.0,110.0,9
5501,Evit100,Cu175,8,30.0,94.5,128.0,10
5501,Evit100,Cu175,8,30.0,102.0,149.5,11
5501,Evit100,Cu175,8,30.0,104.59998,160.0,12
5502,Evit200,Cu000,8,29.59999,29.59999,,1
5502,Evit200,Cu000,8,29.59999,34.19998,9.0,2
5502,Evit200,Cu000,8,29.59999,43.0,21.400002,3
5502,Evit200,Cu000,8,29.59999,50.0,36.5,4
5502,Evit200,Cu000,8,29.59999,57.0,51.0,5
5502,Evit200,Cu000,8,29.59999,63.5,66.800001,6
5502,Evit200,Cu000,8,29.59999,72.69995,80.100006,7
5502,Evit200,Cu000,8,29.59999,78.69995,96.200001,8
5502,Evit200,Cu000,8,29.59999,84.89996,109.800003,9
5502,Evit200,Cu000,8,29.59999,91.0,126.800001,10
5502,Evit200,Cu000,8,29.59999,96.39996,145.200001,11
5502,Evit200,Cu000,8,29.59999,100.19995,157.999996,12
5524,Evit100,Cu000,9,22.39999,22.39999,,1
5524,Evit100,Cu000,9,22.39999,25.2,10.0,2
5524,Evit100,Cu000,9,22.39999,30.0,26.699997,3
5524,Evit100,Cu000,9,22.39999,36.5,39.799999,4
5524,Evit100,Cu000,9,22.39999,43.29999,55.199997,5
5524,Evit100,Cu000,9,22.39999,50.0,74.499996,6
5524,Evit100,Cu000,9,22.39999,58.09998,85.999996,7
5524,Evit100,Cu000,9,22.39999,63.0,101.999996,8
5524,Evit100,Cu000,9,22.39999,70.69995,121.999996,9
5524,Evit100,Cu000,9,22.39999,78.09998,136.099997,10
5524,Evit100,Cu000,9,22.39999,83.5,136.099997,11
5527,Evit100,Cu175,9,26.59999,26.59999,,1
5527,Evit100,Cu175,9,26.59999,28.2,10.0,2
5527,Evit100,Cu175,9,26.59999,38.39999,30.0,3
5527,Evit100,Cu175,9,26.59999,45.79999,50.0,4
5527,Evit100,Cu175,9,26.59999,54.89999,60.0,5
5527,Evit100,Cu175,9,26.59999,60.09998,78.5,6
5527,Evit100,Cu175,9,26.59999,56.89999,86.200001,7
5527,Evit100,Cu175,9,26.59999,64.89996,102.900002,8
5527,Evit100,Cu175,9,26.59999,74.0,121.799988,9
5527,Evit100,Cu175,9,26.59999,81.89996,136.999992,10
5527,Evit100,Cu175,9,26.59999,90.89996,136.999992,11
5528,Evit200,Cu000,9,24.0,24.0,,1
5528,Evit200,Cu000,9,24.0,28.2,10.0,2
5528,Evit200,Cu000,9,24.0,35.29999,20.0,3
5528,Evit200,Cu000,9,24.0,42.69998,32.100002,4
5528,Evit200,Cu000,9,24.0,48.19998,44.800003,5
5528,Evit200,Cu000,9,24.0,53.19998,58.5,6
5528,Evit200,Cu000,9,24.0,64.79999,76.1,7
5528,Evit200,Cu000,9,24.0,71.5,94.200001,8
5528,Evit200,Cu000,9,24.0,76.09998,113.200001,9
5528,Evit200,Cu000,9,24.0,86.09998,134.900002,10
5528,Evit200,Cu000,9,24.0,92.5,146.1,11
5578,Evit100,Cu175,10,27.09999,27.09999,,1
5578,Evit100,Cu175,10,27.09999,34.69998,11.100002,2
5578,Evit100,Cu175,10,27.09999,40.69998,29.900002,3
5578,Evit100,Cu175,10,27.09999,47.59998,45.300001,4
5578,Evit100,Cu175,10,27.09999,56.5,65.6,5
5578,Evit100,Cu175,10,27.09999,64.0,84.800001,6
5578,Evit100,Cu175,10,27.09999,72.29999,107.0,7
5578,Evit100,Cu175,10,27.09999,82.0,135.1,8
5578,Evit100,Cu175,10,27.09999,88.0,155.5,9
5578,Evit100,Cu175,10,27.09999,95.09998,177.900002,10
5578,Evit100,Cu175,10,27.09999,104.0,201.5,11
5578,Evit100,Cu175,10,27.09999,105.69995,224.5,12
5581,Evit200,Cu000,10,27.0,27.0,,1
5581,Evit200,Cu000,10,27.0,30.0,6.800001,2
5581,Evit200,Cu000,10,27.0,37.79999,19.5,3
5581,Evit200,Cu000,10,27.0,43.29999,31.100006,4
5581,Evit200,Cu000,10,27.0,51.5,46.200001,5
5581,Evit200,Cu000,10,27.0,57.0,59.900002,6
5581,Evit200,Cu000,10,27.0,63.69998,76.1,7
5581,Evit200,Cu000,10,27.0,70.5,97.0,8
5581,Evit200,Cu000,10,27.0,80.39996,115.0,9
5581,Evit200,Cu000,10,27.0,92.0,138.800003,10
5581,Evit200,Cu000,10,27.0,100.0,158.200001,11
5581,Evit200,Cu000,10,27.0,106.09998,177.900002,12
5582,Evit200,Cu175,10,29.5,29.5,,1
5582,Evit200,Cu175,10,29.5,31.39999,6.800001,2
5582,Evit200,Cu175,10,29.5,39.39999,19.6,3
5582,Evit200,Cu175,10,29.5,44.79999,30.300003,4
5582,Evit200,Cu175,10,29.5,50.29999,41.400002,5
5582,Evit200,Cu175,10,29.5,57.0,55.0,6
5582,Evit200,Cu175,10,29.5,65.59998,71.0,7
5582,Evit200,Cu175,10,29.5,72.39996,86.800001,8
5582,Evit200,Cu175,10,29.5,80.19995,105.200001,9
5582,Evit200,Cu175,10,29.5,90.39996,127.800001,10
5582,Evit200,Cu175,10,29.5,95.0,149.5,11
5582,Evit200,Cu175,10,29.5,99.09998,167.5,12
5850,Evit200,Cu000,12,22.79999,22.79999,,1
5850,Evit200,Cu000,12,22.79999,27.0,6.0,2
5850,Evit200,Cu000,12,22.79999,33.89999,18.200001,3
5850,Evit200,Cu000,12,22.79999,37.69998,27.0,4
5850,Evit200,Cu000,12,22.79999,41.39999,36.300001,5
5850,Evit200,Cu000,12,22.79999,48.19998,48.0,6
5850,Evit200,Cu000,12,22.79999,53.69998,60.200005,7
5850,Evit200,Cu000,12,22.79999,62.59998,76.200001,8
5850,Evit200,Cu000,12,22.79999,70.39996,93.0,9
5850,Evit200,Cu000,12,22.79999,78.5,120.0,10
5850,Evit200,Cu000,12,22.79999,85.89996,127.5,11
5850,Evit200,Cu000,12,22.79999,94.0,146.800001,12
5851,Evit200,Cu175,12,22.29999,22.29999,,1
5851,Evit200,Cu175,12,22.29999,24.7,5.900002,2
5851,Evit200,Cu175,12,22.29999,30.39999,15.0,3
5851,Evit200,Cu175,12,22.29999,36.89999,25.200001,4
5851,Evit200,Cu175,12,22.29999,44.09998,39.0,5
5851,Evit200,Cu175,12,22.29999,52.79999,56.0,6
5851,Evit200,Cu175,12,22.29999,60.29999,71.100006,7
5851,Evit200,Cu175,12,22.29999,67.79999,86.5,8
5851,Evit200,Cu175,12,22.29999,75.39996,106.300001,9
5851,Evit200,Cu175,12,22.29999,87.59998,127.599991,10
5851,Evit200,Cu175,12,22.29999,93.0,137.599991,11
5851,Evit200,Cu175,12,22.29999,101.39996,157.599991,12
5852,Evit000,Cu000,12,23.79999,23.79999,,1
5852,Evit000,Cu000,12,23.79999,30.0,9.7,2
5852,Evit000,Cu000,12,23.79999,37.09998,20.800003,3
5852,Evit000,Cu000,12,23.79999,43.19998,31.200005,4
5852,Evit000,Cu000,12,23.79999,50.39999,44.900002,5
5852,Evit000,Cu000,12,23.79999,60.19998,61.800003,6
5852,Evit000,Cu000,12,23.79999,67.0,78.200001,7
5852,Evit000,Cu000,12,23.79999,75.0,94.800003,8
5852,Evit000,Cu000,12,23.79999,82.39996,112.900002,9
5852,Evit000,Cu000,12,23.79999,91.19995,132.0,10
5852,Evit000,Cu000,12,23.79999,101.79999,160.0,11
5852,Evit000,Cu000,12,23.79999,109.59998,180.100006,12
5862,Evit000,Cu035,11,22.0,22.0,,1
5862,Evit000,Cu035,11,22.0,25.79999,8.5,2
5862,Evit000,Cu035,11,22.0,29.2,15.800003,3
5862,Evit000,Cu035,11,22.0,35.79999,25.900002,4
5862,Evit000,Cu035,11,22.0,41.09998,37.6,5
5862,Evit000,Cu035,11,22.0,50.0,48.200005,6
5862,Evit000,Cu035,11,22.0,55.19998,62.0,7
5862,Evit000,Cu035,11,22.0,62.19998,76.5,8
5862,Evit000,Cu035,11,22.0,69.79999,90.100002,9
5862,Evit000,Cu035,11,22.0,76.39996,107.100006,10
5862,Evit000,Cu035,11,22.0,83.19995,126.2,11
5862,Evit000,Cu035,11,22.0,93.19995,147.700005,12
5865,Evit200,Cu035,11,22.0,22.0,,1
5865,Evit200,Cu035,11,22.0,27.0,8.8,2
5865,Evit200,Cu035,11,22.0,32.89999,18.900001,3
5865,Evit200,Cu035,11,22.0,38.0,29.200005,4
5865,Evit200,Cu035,11,22.0,46.19998,43.600002,5
5865,Evit200,Cu035,11,22.0,53.5,58.1,6
5865,Evit200,Cu035,11,22.0,58.59998,73.400002,7
5865,Evit200,Cu035,11,22.0,68.19995,90.0,8
5865,Evit200,Cu035,11,22.0,71.0,104.800003,9
5865,Evit200,Cu035,11,22.0,80.79999,120.200005,10
5865,Evit200,Cu035,11,22.0,84.5,134.800003,11
5865,Evit200,Cu035,11,22.0,90.0,146.300001,12
5866,Evit100,Cu175,11,22.0,22.0,,1
5866,Evit100,Cu175,11,22.0,24.79999,7.5,2
5866,Evit100,Cu175,11,22.0,30.0,16.1,3
5866,Evit100,Cu175,11,22.0,35.79999,26.0,4
5866,Evit100,Cu175,11,22.0,42.29999,36.800001,5
5866,Evit100,Cu175,11,22.0,50.89999,49.800003,6
5866,Evit100,Cu175,11,22.0,57.79999,65.100002,7
5866,Evit100,Cu175,11,22.0,64.79999,80.0,8
5866,Evit100,Cu175,11,22.0,71.79999,93.800003,9
5866,Evit100,Cu175,11,22.0,75.0,109.900002,10
5866,Evit100,Cu175,11,22.0,83.79999,122.800003,11
5866,Evit100,Cu175,11,22.0,92.09998,142.400002,12
6055,Evit200,Cu035,16,26.2,26.2,,1
6055,Evit200,Cu035,16,26.2,30.39999,6.900002,2
6055,Evit200,Cu035,16,26.2,37.39999,18.200001,3
6055,Evit200,Cu035,16,26.2,43.0,30.600006,4
6055,Evit200,Cu035,16,26.2,49.5,42.100002,5
6055,Evit200,Cu035,16,26.2,55.09998,62.200001,6
6055,Evit200,Cu035,16,26.2,64.19995,87.200001,7
6055,Evit200,Cu035,16,26.2,75.59998,106.900002,8
6055,Evit200,Cu035,16,26.2,83.29999,122.100002,9
6055,Evit200,Cu035,16,26.2,87.39996,148.4,10
6055,Evit200,Cu035,16,26.2,94.69995,170.100006,11
6055,Evit200,Cu035,16,26.2,98.39996,190.800003,12
6056,Evit200,Cu175,16,32.5,32.5,,1
6056,Evit200,Cu175,16,32.5,38.79999,10.0,2
6056,Evit200,Cu175,16,32.5,47.79999,23.800003,3
6056,Evit200,Cu175,16,32.5,54.5,39.0,4
6056,Evit200,Cu175,16,32.5,63.0,53.200001,5
6056,Evit200,Cu175,16,32.5,70.09998,69.0,6
6056,Evit200,Cu175,16,32.5,76.59998,89.0,7
6056,Evit200,Cu175,16,32.5,86.19995,105.900002,8
6056,Evit200,Cu175,16,32.5,95.79999,127.0,9
6056,Evit200,Cu175,16,32.5,101.39996,151.200005,10
6056,Evit200,Cu175,16,32.5,112.29999,174.5,11
6056,Evit200,Cu175,16,32.5,112.0,191.400002,12
6057,Evit100,Cu175,16,27.0,27.0,,1
6057,Evit100,Cu175,16,27.0,32.39999,7.800001,2
6057,Evit100,Cu175,16,27.0,38.19998,17.0,3
6057,Evit100,Cu175,16,27.0,44.69998,30.100006,4
6057,Evit100,Cu175,16,27.0,53.19998,44.800003,5
6057,Evit100,Cu175,16,27.0,62.39999,60.0,6
6057,Evit100,Cu175,16,27.0,70.5,80.0,7
6057,Evit100,Cu175,16,27.0,72.79999,91.800003,8
6057,Evit100,Cu175,16,27.0,86.59998,111.100006,9
6057,Evit100,Cu175,16,27.0,93.29999,131.800003,10
6057,Evit100,Cu175,16,27.0,103.0,147.800003,11
6057,Evit100,Cu175,16,27.0,104.19995,165.400002,12
6058,Evit100,Cu000,16,27.39999,27.39999,,1
6058,Evit100,Cu000,16,27.39999,32.19998,8.1,2
6058,Evit100,Cu000,16,27.39999,37.89999,18.3,3
6058,Evit100,Cu000,16,27.39999,45.89999,29.900002,4
6058,Evit100,Cu000,16,27.39999,51.19998,44.100002,5
6058,Evit100,Cu000,16,27.39999,57.09998,58.3,6
6058,Evit100,Cu000,16,27.39999,69.0,77.5,7
6058,Evit100,Cu000,16,27.39999,76.79999,91.5,8
6058,Evit100,Cu000,16,27.39999,83.09998,104.800003,9
6058,Evit100,Cu000,16,27.39999,91.59998,124.0,10
6058,Evit100,Cu000,16,27.39999,100.5,148.6,11
6058,Evit100,Cu000,16,27.39999,105.29999,166.900002,12
6207,Evit200,Cu000,17,27.09999,27.09999,,1
6207,Evit200,Cu000,17,27.09999,30.29999,5.800003,2
6207,Evit200,Cu000,17,27.09999,38.19998,17.0,3
6207,Evit200,Cu000,17,27.09999,43.19998,30.0,4
6207,Evit200,Cu000,17,27.09999,52.5,45.0,5
6207,Evit200,Cu000,17,27.09999,59.0,57.200001,6
6207,Evit200,Cu000,17,27.09999,67.29999,72.100002,7
6207,Evit200,Cu000,17,27.09999,74.19995,90.0,8
6207,Evit200,Cu000,17,27.09999,81.19995,103.200001,9
6207,Evit200,Cu000,17,27.09999,87.5,119.5,10
6207,Evit200,Cu000,17,27.09999,94.39996,135.200001,11
6207,Evit200,Cu000,17,27.09999,101.39996,153.800003,12
6208,Evit000,Cu035,17,26.79999,26.79999,,1
6208,Evit000,Cu035,17,26.79999,31.09999,6.1,2
6208,Evit000,Cu035,17,26.79999,37.79999,14.900002,3
6208,Evit000,Cu035,17,26.79999,44.59998,28.5,4
6208,Evit000,Cu035,17,26.79999,50.5,40.5,5
6208,Evit000,Cu035,17,26.79999,58.29999,55.200001,6
6208,Evit000,Cu035,17,26.79999,68.29999,73.700001,7
6208,Evit000,Cu035,17,26.79999,75.09998,92.5,8
6208,Evit000,Cu035,17,26.79999,84.39996,111.200005,9
6208,Evit000,Cu035,17,26.79999,87.29999,129.0,10
6208,Evit000,Cu035,17,26.79999,96.39996,145.800003,11
6208,Evit000,Cu035,17,26.79999,104.39996,165.5,12
6211,Evit100,Cu000,17,24.5,24.5,,1
6211,Evit100,Cu000,17,24.5,31.59999,8.1,2
6211,Evit100,Cu000,17,24.5,37.39999,18.1,3
6211,Evit100,Cu000,17,24.5,46.39999,30.100006,4
6211,Evit100,Cu000,17,24.5,53.59998,48.1,5
6211,Evit100,Cu000,17,24.5,61.19998,62.600002,6
6211,Evit100,Cu000,17,24.5,70.09998,76.400002,7
6211,Evit100,Cu000,17,24.5,77.5,96.200001,8
6211,Evit100,Cu000,17,24.5,86.19995,114.600002,9
6211,Evit100,Cu000,17,24.5,89.19995,129.800003,10
6211,Evit100,Cu000,17,24.5,96.89996,146.5,11
6211,Evit100,Cu000,17,24.5,104.5,168.3,12
6284,Evit100,Cu000,18,23.09999,23.09999,,1
6284,Evit100,Cu000,18,23.09999,26.0,5.900002,2
6284,Evit100,Cu000,18,23.09999,30.09999,17.6,3
6284,Evit100,Cu000,18,23.09999,40.69998,30.600006,4
6284,Evit100,Cu000,18,23.09999,46.59998,41.400002,5
6284,Evit100,Cu000,18,23.09999,52.09998,53.400002,6
6284,Evit100,Cu000,18,23.09999,60.5,69.2,7
6284,Evit100,Cu000,18,23.09999,73.5,90.0,8
6284,Evit100,Cu000,18,23.09999,77.29999,100.0,9
6284,Evit100,Cu000,18,23.09999,86.89996,108.0,10
6284,Evit100,Cu000,18,23.09999,90.0,126.0,11
6284,Evit100,Cu000,18,23.09999,96.39996,141.100006,12
6287,Evit000,Cu000,18,21.5,21.5,,1
6287,Evit000,Cu000,18,21.5,24.59999,5.0,2
6287,Evit000,Cu000,18,21.5,28.5,14.200001,3
6287,Evit000,Cu000,18,21.5,39.09998,27.800003,4
6287,Evit000,Cu000,18,21.5,45.29999,39.800003,5
6287,Evit000,Cu000,18,21.5,53.0,53.5,6
6287,Evit000,Cu000,18,21.5,59.59998,68.5,7
6287,Evit000,Cu000,18,21.5,69.5,87.400002,8
6287,Evit000,Cu000,18,21.5,75.19995,107.300003,9
6287,Evit000,Cu000,18,21.5,84.89996,127.0,10
6287,Evit000,Cu000,18,21.5,93.39996,146.599991,11
6287,Evit000,Cu000,18,21.5,99.29999,167.799992,12
6288,Evit200,Cu035,18,24.09999,24.09999,,1
6288,Evit200,Cu035,18,24.09999,28.09999,6.200001,2
6288,Evit200,Cu035,18,24.09999,32.5,15.900002,3
6288,Evit200,Cu035,18,24.09999,40.59998,30.800003,4
6288,Evit200,Cu035,18,24.09999,46.0,40.900002,5
6288,Evit200,Cu035,18,24.09999,53.79999,52.100002,6
6288,Evit200,Cu035,18,24.09999,61.19998,68.5,7
6288,Evit200,Cu035,18,24.09999,71.89996,85.400002,8
6288,Evit200,Cu035,18,24.09999,79.5,103.100002,9
6288,Evit200,Cu035,18,24.09999,87.39996,119.5,10
6288,Evit200,Cu035,18,24.09999,93.29999,141.0,11
6288,Evit200,Cu035,18,24.09999,101.59998,161.800003,12
6430,Evit100,Cu175,5,34.19998,34.19998,,1
6430,Evit100,Cu175,5,34.19998,42.09998,8.499996,2
6430,Evit100,Cu175,5,34.19998,50.09998,23.099998,3
6430,Evit100,Cu175,5,34.19998,57.59998,35.0,4
6430,Evit100,Cu175,5,34.19998,62.29999,54.299995,5
6430,Evit100,Cu175,5,34.19998,66.0,73.399996,6
6430,Evit100,Cu175,5,34.19998,76.09998,81.899996,7
6430,Evit100,Cu175,5,34.19998,81.5,96.099998,8
6430,Evit100,Cu175,5,34.19998,84.29999,114.299995,9
6430,Evit100,Cu175,5,34.19998,97.89996,133.799995,10
6430,Evit100,Cu175,5,34.19998,108.59998,163.799995,11
6430,Evit100,Cu175,5,34.19998,109.0,198.299995,12
6432,Evit100,Cu035,5,25.09999,25.09999,,1
6432,Evit100,Cu035,5,25.09999,23.2,4.0,2
6432,Evit100,Cu035,5,25.09999,28.89999,11.100006,3
6432,Evit100,Cu035,5,25.09999,36.79999,21.0,4
6432,Evit100,Cu035,5,25.09999,44.19998,31.0,5
6432,Evit100,Cu035,5,25.09999,52.79999,56.300003,6
6432,Evit100,Cu035,5,25.09999,62.19998,69.100006,7
6432,Evit100,Cu035,5,25.09999,69.39996,87.200001,8
6432,Evit100,Cu035,5,25.09999,78.09998,106.300003,9
6432,Evit100,Cu035,5,25.09999,88.79999,129.5,10
6432,Evit100,Cu035,5,25.09999,102.39996,159.5,11
6432,Evit100,Cu035,5,25.09999,106.79999,197.400002,12
6433,Evit100,Cu000,5,32.19998,32.19998,,1
6433,Evit100,Cu000,5,32.19998,36.39999,6.900002,2
6433,Evit100,Cu000,5,32.19998,41.79999,14.300003,3
6433,Evit100,Cu000,5,32.19998,48.19998,26.400002,4
6433,Evit100,Cu000,5,32.19998,55.89999,41.800003,5
6433,Evit100,Cu000,5,32.19998,60.09998,58.6,6
6433,Evit100,Cu000,5,32.19998,68.5,71.400002,7
6433,Evit100,Cu000,5,32.19998,77.79999,88.900002,8
6433,Evit100,Cu000,5,32.19998,86.39996,108.100002,9
6433,Evit100,Cu000,5,32.19998,96.69995,130.5,10
6433,Evit100,Cu000,5,32.19998,111.09998,163.0,11
6433,Evit100,Cu000,5,32.19998,115.39996,184.5,12
6909,Evit200,Cu035,13,24.7,24.7,,1
6909,Evit200,Cu035,13,24.7,28.89999,5.900002,2
6909,Evit200,Cu035,13,24.7,34.59998,15.0,3
6909,Evit200,Cu035,13,24.7,42.19998,26.6,4
6909,Evit200,Cu035,13,24.7,48.19998,38.0,5
6909,Evit200,Cu035,13,24.7,54.39999,50.900002,6
6909,Evit200,Cu035,13,24.7,62.5,65.100002,7
6909,Evit200,Cu035,13,24.7,69.79999,80.0,8
6909,Evit200,Cu035,13,24.7,78.59998,100.5,9
6909,Evit200,Cu035,13,24.7,87.0,116.900002,10
6909,Evit200,Cu035,13,24.7,96.39996,137.900002,11
6909,Evit200,Cu035,13,24.7,103.19995,158.5,12
6910,Evit100,Cu000,13,24.2,24.2,,1
6910,Evit100,Cu000,13,24.2,29.2,6.200001,2
6910,Evit100,Cu000,13,24.2,36.19998,17.1,3
6910,Evit100,Cu000,13,24.2,43.09998,30.0,4
6910,Evit100,Cu000,13,24.2,49.19998,44.0,5
6910,Evit100,Cu000,13,24.2,57.0,56.900002,6
6910,Evit100,Cu000,13,24.2,63.0,70.0,7
6910,Evit100,Cu000,13,24.2,70.89996,85.100002,8
6910,Evit100,Cu000,13,24.2,80.0,102.300003,9
6910,Evit100,Cu000,13,24.2,87.19995,118.499996,10
6910,Evit100,Cu000,13,24.2,94.69995,135.599998,11
6910,Evit100,Cu000,13,24.2,100.59998,158.499996,12
6912,Evit200,Cu000,13,24.5,24.5,,1
6912,Evit200,Cu000,13,24.5,28.39999,7.1,2
6912,Evit200,Cu000,13,24.5,35.0,17.300001,3
6912,Evit200,Cu000,13,24.5,41.89999,29.5,4
6912,Evit200,Cu000,13,24.5,49.0,40.900002,5
6912,Evit200,Cu000,13,24.5,55.59998,54.200001,6
6912,Evit200,Cu000,13,24.5,64.09998,66.800003,7
6912,Evit200,Cu000,13,24.5,71.19995,84.5,8
6912,Evit200,Cu000,13,24.5,80.5,104.5,9
6912,Evit200,Cu000,13,24.5,90.19995,119.900002,10
6912,Evit200,Cu000,13,24.5,98.89996,143.0,11
6912,Evit200,Cu000,13,24.5,103.79999,164.5,12
8049,Evit000,Cu035,20,22.0,22.0,,1
8049,Evit000,Cu035,20,22.0,26.59999,9.5,2
8049,Evit000,Cu035,20,22.0,33.09998,19.900002,3
8049,Evit000,Cu035,20,22.0,38.39999,31.0,4
8049,Evit000,Cu035,20,22.0,46.59998,44.900002,5
8049,Evit000,Cu035,20,22.0,52.29999,63.800003,6
8049,Evit000,Cu035,20,22.0,61.5,78.0,7
8049,Evit000,Cu035,20,22.0,69.29999,96.0,8
8049,Evit000,Cu035,20,22.0,74.19995,116.0,9
8049,Evit000,Cu035,20,22.0,80.19995,137.6,10
8049,Evit000,Cu035,20,22.0,87.19995,162.100002,11
8049,Evit000,Cu035,20,22.0,94.79999,198.0,12
8050,Evit000,Cu175,20,26.79999,26.79999,,1
8050,Evit000,Cu175,20,26.79999,33.59998,10.900002,2
8050,Evit000,Cu175,20,26.79999,42.09998,25.100002,3
8050,Evit000,Cu175,20,26.79999,47.89999,38.0,4
8050,Evit000,Cu175,20,26.79999,56.19998,54.400002,5
8050,Evit000,Cu175,20,26.79999,63.39999,74.200001,6
8050,Evit000,Cu175,20,26.79999,71.79999,89.900002,7
8050,Evit000,Cu175,20,26.79999,80.0,111.0,8
8050,Evit000,Cu175,20,26.79999,87.59998,135.800003,9
8050,Evit000,Cu175,20,26.79999,94.89996,159.600006,10
8050,Evit000,Cu175,20,26.79999,101.0,188.200001,11
8050,Evit000,Cu175,20,26.79999,112.0,224.0,12
8051,Evit100,Cu035,20,30.59999,30.59999,,1
8051,Evit100,Cu035,20,30.59999,37.59998,11.200005,2
8051,Evit100,Cu035,20,30.59999,42.79999,21.0,3
8051,Evit100,Cu035,20,30.59999,47.39999,31.100006,4
8051,Evit100,Cu035,20,30.59999,56.59998,47.0,5
8051,Evit100,Cu035,20,30.59999,62.39999,65.0,6
8051,Evit100,Cu035,20,30.59999,71.79999,78.0,7
8051,Evit100,Cu035,20,30.59999,78.0,95.800003,8
8051,Evit100,Cu035,20,30.59999,86.79999,115.800003,9
8051,Evit100,Cu035,20,30.59999,94.19995,138.0,10
8051,Evit100,Cu035,20,30.59999,101.89996,166.5,11
8051,Evit100,Cu035,20,30.59999,112.5,196.900002,12
8053,Evit200,Cu175,20,21.89999,21.89999,,1
8053,Evit200,Cu175,20,21.89999,26.79999,9.6,2
8053,Evit200,Cu175,20,21.89999,34.69998,21.800003,3
8053,Evit200,Cu175,20,21.89999,41.29999,36.700001,4
8053,Evit200,Cu175,20,21.89999,48.69998,51.800003,5
8053,Evit200,Cu175,20,21.89999,57.89999,71.400002,6
8053,Evit200,Cu175,20,21.89999,65.39996,91.600006,7
8053,Evit200,Cu175,20,21.89999,71.29999,115.800003,8
8053,Evit200,Cu175,20,21.89999,80.59998,138.0,9
8053,Evit200,Cu175,20,21.89999,88.39996,163.0,10
8053,Evit200,Cu175,20,21.89999,96.29999,188.0,11
8053,Evit200,Cu175,20,21.89999,103.5,217.800001,12
8139,Evit000,Cu175,23,24.0,24.0,,1
8139,Evit000,Cu175,23,24.0,26.79999,6.0,2
8139,Evit000,Cu175,23,24.0,33.0,20.0,3
8139,Evit000,Cu175,23,24.0,39.09998,30.300003,4
8139,Evit000,Cu175,23,24.0,46.39999,45.100002,5
8139,Evit000,Cu175,23,24.0,54.0,61.400002,6
8139,Evit000,Cu175,23,24.0,61.59998,74.400002,7
8139,Evit000,Cu175,23,24.0,68.79999,91.800003,8
8139,Evit000,Cu175,23,24.0,72.19995,109.5,9
8139,Evit000,Cu175,23,24.0,77.19995,128.0,10
8139,Evit000,Cu175,23,24.0,83.79999,144.400002,11
8139,Evit000,Cu175,23,24.0,90.79999,160.300003,12
8141,Evit200,Cu035,23,24.2,24.2,,1
8141,Evit200,Cu035,23,24.2,25.39999,3.900002,2
8141,Evit200,Cu035,23,24.2,30.7,13.300003,3
8141,Evit200,Cu035,23,24.2,35.59998,24.600002,4
8141,Evit200,Cu035,23,24.2,42.79999,38.5,5
8141,Evit200,Cu035,23,24.2,49.5,53.0,6
8141,Evit200,Cu035,23,24.2,57.19998,67.6,7
8141,Evit200,Cu035,23,24.2,65.59998,83.0,8
8141,Evit200,Cu035,23,24.2,72.39996,99.0,9
8141,Evit200,Cu035,23,24.2,81.19995,116.0,10
8141,Evit200,Cu035,23,24.2,85.19995,135.400002,11
8141,Evit200,Cu035,23,24.2,90.19995,153.0,12
8142,Evit000,Cu035,23,25.2,25.2,,1
8142,Evit000,Cu035,23,25.2,29.79999,9.0,2
8142,Evit000,Cu035,23,25.2,35.69998,21.0,3
8142,Evit000,Cu035,23,25.2,42.0,31.300003,4
8142,Evit000,Cu035,23,25.2,50.0,44.0,5
8142,Evit000,Cu035,23,25.2,55.89999,57.800001,6
8142,Evit000,Cu035,23,25.2,63.5,73.100002,7
8142,Evit000,Cu035,23,25.2,70.0,89.5,8
8142,Evit000,Cu035,23,25.2,79.5,105.400002,9
8142,Evit000,Cu035,23,25.2,83.59998,122.200001,10
8142,Evit000,Cu035,23,25.2,89.39996,138.5,11
8142,Evit000,Cu035,23,25.2,98.5,156.400002,12
8144,Evit100,Cu035,23,23.5,23.5,,1
8144,Evit100,Cu035,23,23.5,25.89999,7.200001,2
8144,Evit100,Cu035,23,23.5,32.19998,19.5,3
8144,Evit100,Cu035,23,23.5,32.39999,25.800003,4
8144,Evit100,Cu035,23,23.5,29.79999,29.5,5
8144,Evit100,Cu035,23,23.5,32.79999,34.0,6
8144,Evit100,Cu035,23,23.5,41.0,50.0,7
8144,Evit100,Cu035,23,23.5,50.0,66.700001,8
8144,Evit100,Cu035,23,23.5,56.89999,80.700005,9
8144,Evit100,Cu035,23,23.5,64.79999,96.0,10
8144,Evit100,Cu035,23,23.5,72.09998,111.200005,11
8144,Evit100,Cu035,23,23.5,81.39996,131.400002,12
8191,Evit100,Cu035,21,26.59999,26.59999,,1
8191,Evit100,Cu035,21,26.59999,33.0,10.0,2
8191,Evit100,Cu035,21,26.59999,38.19998,20.0,3
8191,Evit100,Cu035,21,26.59999,46.39999,30.0,4
8191,Evit100,Cu035,21,26.59999,53.19998,40.0,5
8191,Evit100,Cu035,21,26.59999,59.59998,60.0,6
8191,Evit100,Cu035,21,26.59999,66.19995,82.100002,7
8191,Evit100,Cu035,21,26.59999,72.59998,99.5,8
8191,Evit100,Cu035,21,26.59999,80.09998,120.0,9
8191,Evit100,Cu035,21,26.59999,89.0,139.0,10
8191,Evit100,Cu035,21,26.59999,97.69995,162.800003,11
8191,Evit100,Cu035,21,26.59999,103.0,185.800003,12
8192,Evit000,Cu175,21,35.39999,35.39999,,1
8192,Evit000,Cu175,21,35.39999,42.29999,15.100002,2
8192,Evit000,Cu175,21,35.39999,49.5,29.800003,3
8192,Evit000,Cu175,21,35.39999,58.69998,48.5,4
8192,Evit000,Cu175,21,35.39999,66.59998,70.0,5
8192,Evit000,Cu175,21,35.39999,71.39996,87.300001,6
8192,Evit000,Cu175,21,35.39999,78.79999,104.200001,7
8192,Evit000,Cu175,21,35.39999,85.5,125.5,8
8192,Evit000,Cu175,21,35.39999,91.29999,144.900002,9
8192,Evit000,Cu175,21,35.39999,97.79999,165.0,10
8192,Evit000,Cu175,21,35.39999,108.0,197.0,11
8192,Evit000,Cu175,21,35.39999,113.0,220.0,12
8193,Evit200,Cu035,21,29.29999,29.29999,,1
8193,Evit200,Cu035,21,29.29999,34.0,10.5,2
8193,Evit200,Cu035,21,29.29999,39.0,20.200005,3
8193,Evit200,Cu035,21,29.29999,45.39999,34.800003,4
8193,Evit200,Cu035,21,29.29999,51.79999,51.0,5
8193,Evit200,Cu035,21,29.29999,58.79999,70.0,6
8193,Evit200,Cu035,21,29.29999,62.59998,86.200001,7
8193,Evit200,Cu035,21,29.29999,71.59998,103.0,8
8193,Evit200,Cu035,21,29.29999,76.69995,111.0,9
8193,Evit200,Cu035,21,29.29999,81.69995,132.0,10
8193,Evit200,Cu035,21,29.29999,86.39996,157.800001,11
8193,Evit200,Cu035,21,29.29999,92.09998,178.0,12
8195,Evit200,Cu000,21,25.29999,25.29999,,1
8195,Evit200,Cu000,21,25.29999,31.59999,9.600006,2
8195,Evit200,Cu000,21,25.29999,34.0,19.600006,3
8195,Evit200,Cu000,21,25.29999,35.19998,28.0,4
8195,Evit200,Cu000,21,25.29999,37.29999,41.0,5
8195,Evit200,Cu000,21,25.29999,40.79999,57.400002,6
8195,Evit200,Cu000,21,25.29999,47.69998,69.0,7
8195,Evit200,Cu000,21,25.29999,57.0,86.300001,8
8195,Evit200,Cu000,21,25.29999,64.59998,102.200001,9
8195,Evit200,Cu000,21,25.29999,71.19995,118.5,10
8195,Evit200,Cu000,21,25.29999,80.5,140.5,11
8195,Evit200,Cu000,21,25.29999,85.89996,157.8,12
8269,Evit200,Cu175,22,22.09999,22.09999,,1
8269,Evit200,Cu175,22,22.09999,26.29999,6.0,2
8269,Evit200,Cu175,22,22.09999,33.29999,16.800001,3
8269,Evit200,Cu175,22,22.09999,38.0,27.400002,4
8269,Evit200,Cu175,22,22.09999,39.59998,36.200001,5
8269,Evit200,Cu175,22,22.09999,41.39999,43.300003,6
8269,Evit200,Cu175,22,22.09999,46.29999,54.0,7
8269,Evit200,Cu175,22,22.09999,52.39999,70.0,8
8269,Evit200,Cu175,22,22.09999,59.39999,90.0,9
8269,Evit200,Cu175,22,22.09999,66.69995,112.5,10
8269,Evit200,Cu175,22,22.09999,73.89996,128.0,11
8269,Evit200,Cu175,22,22.09999,76.79999,141.5,12
8270,Evit000,Cu175,22,23.7,23.7,,1
8270,Evit000,Cu175,22,23.7,28.79999,7.6,2
8270,Evit000,Cu175,22,23.7,35.09998,18.5,3
8270,Evit000,Cu175,22,23.7,43.0,33.200001,4
8270,Evit000,Cu175,22,23.7,49.09998,44.900002,5
8270,Evit000,Cu175,22,23.7,58.79999,60.0,6
8270,Evit000,Cu175,22,23.7,65.39996,75.800003,7
8270,Evit000,Cu175,22,23.7,68.5,91.0,8
8270,Evit000,Cu175,22,23.7,79.0,108.5,9
8270,Evit000,Cu175,22,23.7,90.69995,133.200001,10
8270,Evit000,Cu175,22,23.7,98.0,151.200005,11
8270,Evit000,Cu175,22,23.7,104.0,167.800001,12
8271,Evit100,Cu000,22,24.0,24.0,,1
8271,Evit100,Cu000,22,24.0,28.89999,8.5,2
8271,Evit100,Cu000,22,24.0,35.79999,19.5,3
8271,Evit100,Cu000,22,24.0,44.0,30.0,4
8271,Evit100,Cu000,22,24.0,47.5,43.200001,5
8271,Evit100,Cu000,22,24.0,56.39999,56.6,6
8271,Evit100,Cu000,22,24.0,63.69998,72.0,7
8271,Evit100,Cu000,22,24.0,70.29999,89.5,8
8271,Evit100,Cu000,22,24.0,78.0,108.0,9
8271,Evit100,Cu000,22,24.0,89.19995,127.5,10
8271,Evit100,Cu000,22,24.0,96.29999,144.400002,11
8271,Evit100,Cu000,22,24.0,99.79999,158.1,12
8273,Evit000,Cu035,22,25.0,25.0,,1
8273,Evit000,Cu035,22,25.0,30.09999,8.0,2
8273,Evit000,Cu035,22,25.0,37.09998,20.0,3
8273,Evit000,Cu035,22,25.0,46.0,33.800003,4
8273,Evit000,Cu035,22,25.0,53.59998,48.5,5
8273,Evit000,Cu035,22,25.0,61.09998,67.0,6
8273,Evit000,Cu035,22,25.0,69.0,83.0,7
8273,Evit000,Cu035,22,25.0,78.19995,102.0,8
8273,Evit000,Cu035,22,25.0,87.09998,119.0,9
8273,Evit000,Cu035,22,25.0,94.39996,145.5,10
8273,Evit000,Cu035,22,25.0,102.5,163.400002,11
8273,Evit000,Cu035,22,25.0,107.5,183.800001,12
8437,Evit100,Cu035,24,27.0,27.0,,1
8437,Evit100,Cu035,24,27.0,30.0,6.800003,2
8437,Evit100,Cu035,24,27.0,35.39999,16.400002,3
8437,Evit100,Cu035,24,27.0,41.0,28.300001,4
8437,Evit100,Cu035,24,27.0,48.59998,41.0,5
8437,Evit100,Cu035,24,27.0,56.39999,54.900002,6
8437,Evit100,Cu035,24,27.0,63.0,70.5,7
8437,Evit100,Cu035,24,27.0,75.5,88.5,8
8437,Evit100,Cu035,24,27.0,77.79999,103.300003,9
8437,Evit100,Cu035,24,27.0,85.79999,119.5,10
8437,Evit100,Cu035,24,27.0,95.0,124.5,11
8437,Evit100,Cu035,24,27.0,101.39996,143.7,12
8439,Evit200,Cu175,24,27.29999,27.29999,,1
8439,Evit200,Cu175,24,27.29999,31.2,8.8,2
8439,Evit200,Cu175,24,27.29999,37.0,20.0,3
8439,Evit200,Cu175,24,27.29999,43.89999,33.200001,4
8439,Evit200,Cu175,24,27.29999,49.79999,44.800003,5
8439,Evit200,Cu175,24,27.29999,57.19998,58.0,6
8439,Evit200,Cu175,24,27.29999,65.19995,74.600002,7
8439,Evit200,Cu175,24,27.29999,73.19995,94.900002,8
8439,Evit200,Cu175,24,27.29999,78.79999,108.8,9
8439,Evit200,Cu175,24,27.29999,87.39996,128.0,10
8439,Evit200,Cu175,24,27.29999,95.0,149.0,11
8439,Evit200,Cu175,24,27.29999,100.5,158.600006,12
8442,Evit000,Cu175,24,25.7,25.7,,1
8442,Evit000,Cu175,24,25.7,28.7,6.6,2
8442,Evit000,Cu175,24,25.7,33.39999,15.800003,3
8442,Evit000,Cu175,24,25.7,40.0,27.0,4
8442,Evit000,Cu175,24,25.7,46.69998,40.0,5
8442,Evit000,Cu175,24,25.7,56.59998,52.0,6
8442,Evit000,Cu175,24,25.7,65.19995,66.0,7
8442,Evit000,Cu175,24,25.7,73.19995,83.800003,8
8442,Evit000,Cu175,24,25.7,81.69995,99.800003,9
8442,Evit000,Cu175,24,25.7,90.29999,115.200001,10
8442,Evit000,Cu175,24,25.7,96.0,133.200001,11
8442,Evit000,Cu175,24,25.7,103.5,151.400002,12
